"","Row.names","dom_habitat","decade","X1","X2","count","percent","grp.count","grp.percent","ACBR_Name"
"1","10019",3,"200",0.364678076777453,-0.141207791546551,"1","1",5,"5","North-west Antarctic Peninsula"
"2","10038",3,"198",-0.515292131185745,0.345482927887506,"2","14",4,"1","North-west Antarctic Peninsula"
"3","10127",3,"200",0.326033983464978,-0.0192070254636744,"1","1",5,"5","North-west Antarctic Peninsula"
"4","10127",3,"198",-0.522471062756965,0.366008741063075,"2","2",4,"4","North-west Antarctic Peninsula"
"5","1026",8,"198",-0.0746945733851018,-0.412793558648842,"3","3",7,"7","Enderby Land"
"6","1026",8,"200",-0.340472430488272,-0.0161488486586723,"3","4",3,"","Enderby Land"
"7","1026",8,"197",0.338056897860172,-0.402616110635047,"3","17",7,"5","Enderby Land"
"8","1026",8,"196",-0.0250439558292757,-0.126628468379296,"7","7;20",NA,"","Enderby Land"
"9","10303",4,"198",0.239780749809308,0.207998798155561,"3","3",7,"7","Central south Antarctic Peninsula"
"10","10336",4,"198",0.249902427825519,0.253168932697349,"3","15",7,"6","Central south Antarctic Peninsula"
"11","10349",3,"199",-0.355600959885217,0.179033633202559,"1","1",5,"5","North-west Antarctic Peninsula"
"12","10373",3,"199",-0.455123347766671,0.327942068952668,"5","5",4,"4","North-west Antarctic Peninsula"
"13","10378",3,"198",0.111347323092595,-0.105957659825731,"2","2",4,"4","North-west Antarctic Peninsula"
"14","10378",3,"196",0.14888249089188,-0.120489527651965,"1;13","13",5,"5","North-west Antarctic Peninsula"
"15","10524",3,"200",0.232634407417131,-0.279609367824318,"1","1",5,"5","North-west Antarctic Peninsula"
"16","106",8,"198",-0.065919569500914,-0.0421396829950656,"11","11",3,"3","Dronning Maud Land"
"17","106",8,"196",-0.12480771618427,-0.151732380906168,"2","2",3,"3","Dronning Maud Land"
"18","106",8,"199",-0.273075811516703,-0.09819761963784,"5","13",4,"7","Dronning Maud Land"
"19","106",8,"200",-0.319912487617766,0.361975918646818,"3","5",3,"","Dronning Maud Land"
"20","10635",4,"198",0.26490724008479,0.263602875302497,"3","3",7,"7","Central south Antarctic Peninsula"
"21","10696",3,"199",-0.0819457933209207,0.496762600436312,"5","7;9",4,"5","North-west Antarctic Peninsula"
"22","10865",3,"196",0.0927971152276025,-0.0480155556168938,"1","1",5,"5","North-west Antarctic Peninsula"
"23","10865",3,"200",0.31800735323668,0.00281667386605747,"1","24",5,"6","North-west Antarctic Peninsula"
"24","10938",3,"198",-0.46070496814457,0.217785709045011,"2","14",4,"1","North-west Antarctic Peninsula"
"25","10938",3,"196",-0.0803087537165337,0.19991154767081,"9","14",3,"1","North-west Antarctic Peninsula"
"26","10948",3,"198",0.0461292131157983,-0.242908458683089,"2","9",4,"","North-west Antarctic Peninsula"
"27","10948",3,"196",0.29206841364667,-0.16041217398859,"1","27",5,"","North-west Antarctic Peninsula"
"28","1097",8,"198",-0.0813805087358301,-0.465583078659549,"3","3",7,"7","Enderby Land"
"29","11102",3,"196",-0.203570468260717,0.568095061429511,"9","14",3,"1","North-west Antarctic Peninsula"
"30","11102",3,"197",0.0280082086746182,-0.073790246303544,"9","9",1,"1","North-west Antarctic Peninsula"
"31","11102",3,"201",0.387458444330681,-0.0513464627411001,NA,NA,NA,"","North-west Antarctic Peninsula"
"32","11102",3,"198",-0.507124441229902,0.144348273525568,"2","7",4,"1","North-west Antarctic Peninsula"
"33","11111",3,"196",-0.0657337522800086,0.334204704713832,"9","9",3,"3","North-west Antarctic Peninsula"
"34","1124",8,"197",0.391449554231424,-0.388887546635586,"2","2",7,"7","Enderby Land"
"35","1131",8,"200",-0.324027642333208,-0.0438973156896975,"3","4",3,"","Enderby Land"
"36","1131",8,"198",-0.0601773344651986,-0.375457357764841,"3","3",7,"7","Enderby Land"
"37","1131",8,"197",0.336013915146539,-0.397093347258064,"3","17",7,"5","Enderby Land"
"38","1167",8,"200",-0.0705737484947977,-0.0771873745012175,"2","2",7,"7","Enderby Land"
"39","1167",8,"198",0.279083467905546,-0.023370589818556,"3","10",7,"2","Enderby Land"
"40","1178",8,"197",0.360963059814544,-0.380023266647849,"3","3",7,"7","Enderby Land"
"41","1206",1,"200",0.202275211499174,0.472236226782141,"2","2",7,"7","Dronning Maud Land"
"42","1213",1,"200",0.22422019848919,0.520814907372075,"2","2",7,"7","Dronning Maud Land"
"43","12171",7,"200",-0.0231001640915472,-0.0793821158584478,"16","16;19",NA,"","Prince Charles Mountains"
"44","12171",7,"198",0.348134091723862,0.01054748333604,"3","3",7,"7","Prince Charles Mountains"
"45","1224",8,"198",-0.0544499704394541,-0.313453149335789,"3","3",7,"7","Enderby Land"
"46","1233",8,"198",-0.0672713489540129,-0.0793285032555325,"3","3",7,"7","Enderby Land"
"47","1233",8,"200",-0.315527408749957,-0.027358218619068,"3","17;20",3,"9","Enderby Land"
"48","1233",8,"196",-0.0108295476189834,-0.0439336874316649,"1","15",5,"7","Enderby Land"
"49","125",1,"198",0.186808774693474,-0.0902811486583854,"3","9",7,"","Dronning Maud Land"
"50","126",4,"200",0.219823066403129,0.455132406646342,"2","2",7,"7","Dronning Maud Land"
"51","126",4,"198",-0.00307734924050151,-0.365147557550538,"3","18",7,"7","Dronning Maud Land"
"52","1260",8,"197",0.0233354075840656,-0.0572961555163895,"3","3",7,"7","Enderby Land"
"53","12600",7,"200",-0.121656818780396,-0.0675252425968073,"2","2",7,"7","Prince Charles Mountains"
"54","12631",3,"199",0.122164572827636,0.247914904954103,"2","2",7,"7","Central south Antarctic Peninsula"
"55","12638",8,"200",0.152243999484986,0.217429409259384,"1","11",5,"6","Central south Antarctic Peninsula"
"56","12638",8,"196",-0.105127157732694,0.0877551449586928,"9","18",3,"5","Central south Antarctic Peninsula"
"57","12638",8,"199",-0.242716341771055,0.271302393506822,"5","9",4,"5","Central south Antarctic Peninsula"
"58","12638",8,"197",0.233076628585263,0.170443575310427,"4","4",5,"5","Central south Antarctic Peninsula"
"59","12712",3,"197",0.182669622076488,0.49248060557652,"2","2",7,"7","Central south Antarctic Peninsula"
"60","13042",8,"199",0.0591703257955714,0.191462322633932,"8","8",5,"5","Central south Antarctic Peninsula"
"61","13070",8,"196",0.0836281038774654,-0.109183624346607,"1","18",5,"5","Central south Antarctic Peninsula"
"62","13438",8,"200",0.183844672147929,0.0105395011021654,"1","6",5,"4","Central south Antarctic Peninsula"
"63","13438",8,"199",0.0059177880924083,0.313980964278541,"5","8",4,"5","Central south Antarctic Peninsula"
"64","13485",8,"200",0.0867038234213446,0.226548555557317,"1;2","2",NA,"7","Central south Antarctic Peninsula"
"65","13488",8,"196",0.115525443028423,-0.0817137491363121,"1","18",5,"5","Central south Antarctic Peninsula"
"66","13510",8,"197",0.0700650314913561,0.566115614441828,"2","2",7,"7","Central south Antarctic Peninsula"
"67","13626",8,"199",-0.181220516464063,0.224152662397516,"1","9",5,"5","Central south Antarctic Peninsula"
"68","1370",3,"198",-0.477124512295159,0.351723360733049,"2","2",4,"4","North-east Antarctic Peninsula"
"69","13747",3,"197",0.0583172820462597,0.481056907480555,"2","2",7,"7","Central south Antarctic Peninsula"
"70","13793",8,"199",-0.14296529808748,0.273525109554776,"5","12",4,"3","Central south Antarctic Peninsula"
"71","1388",1,"199",-0.0118791191819865,-0.107028046600438,"4","13",3,"7","Dronning Maud Land"
"72","13929",3,"197",0.118342380977713,0.110995747249951,"5","17",5,"5","Central south Antarctic Peninsula"
"73","1399",1,"199",-0.164099775704016,-0.147961831585947,"4","13",3,"7","Dronning Maud Land"
"74","143",1,"199",0.361171018146383,-0.0990315635939602,"2","2",7,"7","Dronning Maud Land"
"75","144",1,"199",0.41703285713316,-0.0472785629761949,"2","2",7,"7","Dronning Maud Land"
"76","14445",8,"199",0.283936292389621,0.149913077659205,"2","2",7,"7","Prince Charles Mountains"
"77","14453",4,"200",0.124863487186596,0.537718610045156,"2","2",7,"7","South Antarctic Peninsula"
"78","14626",3,"199",-0.320148272115892,0.120825747433707,"5","5",4,"4","Central south Antarctic Peninsula"
"79","14713",4,"200",0.133239471742852,0.385055607307044,"2","2",7,"7","South Antarctic Peninsula"
"80","14722",8,"197",0.527240324554389,0.140868146227373,"2","2",7,"7","East Antarctica"
"81","14725",7,"199",-0.000767635637279654,-0.179036762595623,"4","4",3,"3","East Antarctica"
"82","14725",7,"197",0.462913921919301,0.0448784280634888,"2","2",7,"7","East Antarctica"
"83","14725",7,"198",0.253503683629424,-0.0887448748572292,"3","9",7,"","East Antarctica"
"84","1474",3,"198",-0.122252116699902,-0.355160446089566,"3","9",7,"","North-west Antarctic Peninsula"
"85","14747",8,"198",0.154365018111844,-0.284968557973107,"3","3",7,"7","East Antarctica"
"86","14761",8,"199",0.250921962626917,-0.120139590154573,"4","4",3,"3","East Antarctica"
"87","14761",8,"200",-0.174155228989092,-0.0519982826892276,"2","2",7,"7","East Antarctica"
"88","14761",8,"198",0.23325582360657,-0.194905264688499,"3","3",7,"7","East Antarctica"
"89","14770",4,"200",0.00977576123443732,0.295051950993516,"2","2",7,"7","South Antarctic Peninsula"
"90","148",1,"199",0.429480669060695,-0.0362753562215873,"2","2",7,"7","Dronning Maud Land"
"91","14800",1,"199",0.00203428168634661,0.131288723281719,"3","3",5,"5","South Antarctic Peninsula"
"92","14866",4,"200",0.146787974467892,0.461857164352919,"2","2",7,"7","South Antarctic Peninsula"
"93","14960",8,"197",0.536956694609035,0.106593873909107,"2","2",7,"7","East Antarctica"
"94","14960",8,"198",0.259495629856095,-0.178428117497894,"3","3",7,"7","East Antarctica"
"95","14960",8,"199",0.362417438108143,-0.0471571082174377,"2","4",7,"3","East Antarctica"
"96","14960",8,"200",-0.318491758963938,0.169993462824882,"2","19",7,"","East Antarctica"
"97","14990",4,"200",0.0791830156544333,0.384196922838934,"2","2",7,"7","South Antarctic Peninsula"
"98","1501",3,"198",-0.444302793963105,0.301045196060385,"2","2",4,"4","North-west Antarctic Peninsula"
"99","15027",4,"196",-0.111300298413983,-0.116132261091887,"15","15",7,"7","South Antarctic Peninsula"
"100","15039",8,"198",0.372182720815487,-0.0933708419841365,"3","3",7,"7","East Antarctica"
"101","15091",4,"200",0.145376404199875,0.381836584922753,"2","2",7,"7","South Antarctic Peninsula"
"102","151",1,"200",-0.314949677016176,-0.00221255499996112,"3","3",3,"3","Dronning Maud Land"
"103","1514",3,"198",-0.117871062241126,-0.402268169196563,"1","9",5,"","North-west Antarctic Peninsula"
"104","1524",3,"201",-0.0653526152746074,0.0449717518285846,"1;2","2",1,"1","North-west Antarctic Peninsula"
"105","1547",8,"196",0.0911106412100002,-0.114127130087109,"1","1",5,"5","Enderby Land"
"106","1547",8,"200",-0.291216313333433,-0.142674039965507,"2","7",7,"1","Enderby Land"
"107","1548",3,"198",-0.189045726538222,-0.304765338520492,"2","2",4,"4","North-west Antarctic Peninsula"
"108","1553",3,"198",-0.203642354537818,-0.420662576486438,"2","2",4,"4","North-west Antarctic Peninsula"
"109","1553",3,"200",-0.00892651879599872,-0.0724322913143678,"9","9",1,"1","North-west Antarctic Peninsula"
"110","1556",3,"198",-0.129325452419054,-0.336681734205811,"2","2",4,"4","North-west Antarctic Peninsula"
"111","156",1,"199",0.325584311589071,0.0125824158414637,"2","2",7,"7","Dronning Maud Land"
"112","1569",3,"198",-0.212740951189138,-0.441124329543295,"2","2",4,"4","North-west Antarctic Peninsula"
"113","1575",3,"197",0.0367373946804925,-0.170602414972513,"3","3",7,"7","North-west Antarctic Peninsula"
"114","1575",3,"200",0.2487083359993,0.201622430760334,"1","11",5,"6","North-west Antarctic Peninsula"
"115","1575",3,"198",-0.233763478105473,-0.367040850994153,"2","2",4,"4","North-west Antarctic Peninsula"
"116","1575",3,"196",0.218422660337772,0.0026478815136679,"1","1",5,"5","North-west Antarctic Peninsula"
"117","15968",8,"200",-0.308298990005128,0.0127445420681058,"3","3",3,"3","East Antarctica"
"118","15968",8,"199",0.184402435071061,-0.0552978225099659,"2","2",7,"7","East Antarctica"
"119","1603",8,"200",-0.0569525381493734,0.227343046003046,"2","7",7,"1","Enderby Land"
"120","16031",8,"196",-0.0132957280749742,-0.121559329299117,"16","16",NA,"","Ellsworth Land"
"121","16035",8,"198",0.1680033933267,-0.0975308106896468,"3","3",7,"7","Ellsworth Land"
"122","16058",3,"198",0.401894508933432,0.239454430959188,"3","3",7,"7","Ellsworth Land"
"123","1607",3,"198",-0.16901691331309,-0.224421667343854,"2","2",4,"4","North-west Antarctic Peninsula"
"124","1607",3,"196",0.257949560380538,0.0121609107249243,"1","1",5,"5","North-west Antarctic Peninsula"
"125","16111",8,"198",0.33916702367269,0.109401249154207,"3","3",7,"7","Ellsworth Land"
"126","1613",3,"198",-0.211101648843796,-0.412910838317146,"2","2",4,"4","North-west Antarctic Peninsula"
"127","1613",3,"196",0.292329782659356,-0.11267924454049,"1","1",5,"5","North-west Antarctic Peninsula"
"128","16142",3,"200",0.261627083208923,0.291278214041403,"2","2",7,"7","Ellsworth Land"
"129","16152",8,"198",0.237740268323763,0.113945566563789,"3","3",7,"7","Ellsworth Land"
"130","1629",3,"197",-0.158628991059783,-0.325200572289267,"1","10;14",5,"4","North-west Antarctic Peninsula"
"131","1629",3,"198",-0.167638961199737,-0.516906063673178,"2","11",4,"3","North-west Antarctic Peninsula"
"132","1629",3,"200",-0.0463838017847996,-0.403488241865996,"6;7","6",NA,"4","North-west Antarctic Peninsula"
"133","1629",3,"201",0.0851342257977708,-0.0920053644212208,NA,NA,NA,"","North-west Antarctic Peninsula"
"134","1629",3,"199",-0.382296624880648,-0.333291057666824,"4","6",3,"1","North-west Antarctic Peninsula"
"135","16340",1,"199",0.00842597354932248,-0.103347312081843,"16","16",NA,"","Transantarctic Mountains"
"136","16639",8,"200",0.107214320297775,0.324346857630874,"2","10",7,"","East Antarctica"
"137","16968",8,"198",0.360925087266664,0.0860271290547282,"3","10",7,"2","East Antarctica"
"138","16968",8,"200",0.0011455360661634,0.0354454896422043,"4","4",NA,"","East Antarctica"
"139","1699",3,"200",-0.0212782146545006,-0.269644909985561,"6","6",4,"4","North-west Antarctic Peninsula"
"140","1702",1,"196",-0.0679937435696311,-0.167031101037625,"1","15;19",5,"7","Dronning Maud Land"
"141","17032",8,"200",0.298001601238329,0.467423974772683,"2","2",7,"7","East Antarctica"
"142","17044",8,"200",-0.121515439950309,-0.00869396323736602,"2","2",7,"7","East Antarctica"
"143","1714",3,"198",-0.26421582851098,0.371299760739323,"2","14",4,"1","North-east Antarctic Peninsula"
"144","1714",3,"196",0.0501223100951101,0.250566095138272,"1","5",5,"4","North-east Antarctic Peninsula"
"145","1726",3,"196",0.167870990649855,0.262327629946727,"1","5",5,"4","North-west Antarctic Peninsula"
"146","1726",3,"198",-0.211516007044201,-0.0395653307896092,"7","7;14",1,"1","North-west Antarctic Peninsula"
"147","1726",3,"197",-0.154387089146202,-0.0785073445581584,"1;15;18","15;18",5,"","North-west Antarctic Peninsula"
"148","1734",3,"200",0.117903831037532,-0.114674700221666,"1","10",5,"","North-west Antarctic Peninsula"
"149","1748",3,"196",0.347082989223507,-0.0722683395346071,"1","24",5,"","North-west Antarctic Peninsula"
"150","1748",3,"198",-0.210327872851504,-0.363895849427281,"2","7",4,"1","North-west Antarctic Peninsula"
"151","1748",3,"200",-0.0792809398748172,-0.257272993974079,"7","7",1,"1","North-west Antarctic Peninsula"
"152","1748",3,"201",-0.24419115621688,-0.136593033840967,"1","1",1,"1","North-west Antarctic Peninsula"
"153","17552",8,"196",-0.410768834834926,-0.156784156271427,"2;4","4",3,"","Transantarctic Mountains"
"154","17575",8,"199",0.128203422529715,-0.0910130400434427,"2","2",7,"7","Marie Byrd Land"
"155","1766",3,"198",0.353913356357969,0.217759484867786,"3","3",7,"7","North-east Antarctic Peninsula"
"156","1778",3,"196",0.339056149046779,0.123507285049186,"1","1",5,"5","North-west Antarctic Peninsula"
"157","1778",3,"200",-0.073548284939127,-0.246253739776486,"6","6",4,"4","North-west Antarctic Peninsula"
"158","1778",3,"198",-0.316813477746813,-0.0342021391274268,"2","10",4,"2","North-west Antarctic Peninsula"
"159","1778",3,"197",-0.254180022534971,-0.123672620165258,"1","3",5,"7","North-west Antarctic Peninsula"
"160","1782",3,"198",0.188941601605072,0.152915621760802,"2","2",4,"4","North-east Antarctic Peninsula"
"161","1788",3,"198",0.309210483949878,0.219215342849228,"3","3",7,"7","North-east Antarctic Peninsula"
"162","1797",3,"198",0.303988622443828,0.191766380119136,"2;3","3",NA,"7","North-east Antarctic Peninsula"
"163","1832",3,"198",-0.179327515388628,-0.244342670695963,"1;2","7",NA,"1","North-west Antarctic Peninsula"
"164","1832",3,"196",0.088804843405285,-0.0396156948799243,"1","1",5,"5","North-west Antarctic Peninsula"
"165","186",1,"198",-0.11512112114124,-0.118048347660794,"9","9",NA,"","Dronning Maud Land"
"166","1867",3,"198",0.205994080321299,0.186806335499325,"2","3",4,"7","North-east Antarctic Peninsula"
"167","19013",8,"200",-0.137718032475679,-0.0497231123314212,"2","2",7,"7","East Antarctica"
"168","19013",8,"198",0.352640122801223,-0.146154210730074,"3","3",7,"7","East Antarctica"
"169","19034",8,"198",0.387053137153333,-0.102014794199694,"3","3",7,"7","East Antarctica"
"170","19034",8,"199",0.251438976714061,-0.018507966481325,"2","17",7,"1","East Antarctica"
"171","19034",8,"197",0.387964624841291,-0.257322231474293,"2","2",7,"7","East Antarctica"
"172","19034",8,"200",-0.268159659987223,-0.0323871622941084,"2","22",7,"","East Antarctica"
"173","19195",5,"200",-0.00795759798850613,0.379372340865309,"2","2",7,"7","Transantarctic Mountains"
"174","19269",7,"200",0.0265542483400463,0.336275927237369,"2","18",7,"","South Victoria Land"
"175","1945",3,"198",-0.0620839759723444,-0.174354843006851,"1","1",5,"5","North-east Antarctic Peninsula"
"176","19657",7,"200",-0.448259546303565,0.0270884571265308,"3","3",3,"3","Marie Byrd Land"
"177","19660",7,"200",-0.345882745739963,-0.0143472603945067,"3","3",3,"3","Marie Byrd Land"
"178","19663",8,"200",0.0619008257778086,-0.0524070763640467,"1","1",5,"5","Marie Byrd Land"
"179","19708",7,"200",-0.349307620136507,0.0264980715689792,"3","3",3,"3","Marie Byrd Land"
"180","19716",7,"200",-0.39894619546355,0.0258203683274688,"3","3",3,"3","Marie Byrd Land"
"181","19738",7,"196",-0.526065643609323,-0.267224554230796,"2","2",3,"3","South Victoria Land"
"182","19741",7,"200",-0.248752633807908,0.0127167419885011,"3","3",3,"3","South Victoria Land"
"183","19782",7,"196",-0.429607424787557,-0.36577966881421,"2","2",3,"3","South Victoria Land"
"184","19782",7,"200",-0.422838711630712,0.0193040746523705,"3","3",3,"3","South Victoria Land"
"185","19782",7,"199",-0.22376891403924,-0.314276210052296,"12","12;15",3,"3","South Victoria Land"
"186","19786",8,"200",-0.321153743691392,-0.000494642033444768,"3","8",3,"","Marie Byrd Land"
"187","19875",5,"198",0.0893948906095244,0.101817816255826,"3","3",7,"7","South Victoria Land"
"188","19875",5,"200",-0.155847518333352,-0.0154126886643365,"18","18",NA,"","South Victoria Land"
"189","19912",7,"196",-0.405511298625273,-0.228229801879443,"2","2",3,"3","South Victoria Land"
"190","19912",7,"200",-0.333964597208616,-0.0130345574695691,"3","15",3,"","South Victoria Land"
"191","19939",7,"199",0.0649840814814692,-0.253647254082384,"2","14;15;16",7,"3","South Victoria Land"
"192","19939",7,"196",-0.45532533477644,-0.369907235546769,"2","20",3,"","South Victoria Land"
"193","19939",7,"200",-0.525279142577735,0.155849424479112,"3","18",3,"","South Victoria Land"
"194","19939",7,"198",0.304359281986991,-0.11190495856632,"3","3",7,"7","South Victoria Land"
"195","19954",7,"198",-0.0795346214187728,-0.0523833129926283,"11","11",3,"3","South Victoria Land"
"196","19971",7,"196",-0.42879141878565,-0.301210577692562,"2","2",3,"3","South Victoria Land"
"197","19979",7,"196",-0.463207672242457,-0.342599868589011,"2","2",3,"3","South Victoria Land"
"198","19989",7,"196",-0.462943908819667,-0.34455065993426,"2","2",3,"3","South Victoria Land"
"199","19989",7,"200",-0.00998995228943636,0.278533690816563,"2","22",7,"","South Victoria Land"
"200","19989",7,"197",0.395582429670372,-0.256356088437669,"2","17",7,"5","South Victoria Land"
"201","20023",8,"200",-0.484564434411564,-0.0480691206649338,"3","14",3,"","South Victoria Land"
"202","20023",8,"199",-0.309110571216299,-0.5113087652748,"15","15",3,"3","South Victoria Land"
"203","20023",8,"196",-0.445551313652568,-0.349338699382286,"2","2",3,"3","South Victoria Land"
"204","20038",2,"200",-0.164926712986344,-0.0310184717549956,"3;12","12",3,"","South Victoria Land"
"205","20046",7,"196",-0.4185868723348,-0.310167088668465,"2","2",3,"3","South Victoria Land"
"206","20065",2,"200",-0.400136998557378,0.013940893482881,"3","3",3,"3","South Victoria Land"
"207","20070",7,"196",-0.424611401294586,-0.30642079188581,"2","2",3,"3","South Victoria Land"
"208","20070",7,"201",0.605802183503481,0.112075975802252,NA,NA,NA,"","South Victoria Land"
"209","20070",7,"199",-0.273661268960455,-0.49470553056985,"15","15",3,"3","South Victoria Land"
"210","20070",7,"198",0.0473738760737499,-0.0480890729155591,"3;14","14",NA,"1","South Victoria Land"
"211","20070",7,"200",-0.337980064911944,-0.00451647447765637,"3","7",3,"1","South Victoria Land"
"212","20085",5,"199",-0.204178731887537,-0.163039196382795,"12","12",3,"3","South Victoria Land"
"213","20085",5,"200",-0.101333814802881,-0.0231242067217809,"3","3",3,"3","South Victoria Land"
"214","20092",7,"196",-0.426067056144531,-0.243101214197596,"2","2",3,"3","South Victoria Land"
"215","20101",8,"197",0.0986430074733487,-0.127443281213862,"15","15",NA,"","South Victoria Land"
"216","20101",8,"200",-0.431957916498193,0.0114487928870005,"3","3",3,"3","South Victoria Land"
"217","20101",8,"199",-0.293000477769516,-0.251149974876082,"12","15",3,"3","South Victoria Land"
"218","20111",7,"196",-0.489924612838403,-0.345057097606151,"2","2",3,"3","South Victoria Land"
"219","20111",7,"198",0.207818342244061,-0.218406099914343,"3","3",7,"7","South Victoria Land"
"220","20111",7,"199",0.319178327035133,-0.21294824744762,"2","11;14;15",7,"3","South Victoria Land"
"221","20118",7,"198",0.176394527289482,-0.323782306476128,"3","3",7,"7","South Victoria Land"
"222","20118",7,"199",0.256193942260599,-0.298896453074116,"2","15",7,"3","South Victoria Land"
"223","20118",7,"196",-0.204156196640898,-0.32393592726659,"2","15",3,"7","South Victoria Land"
"224","20128",7,"199",0.326513517708706,-0.122944941605604,"2","11",7,"","South Victoria Land"
"225","20131",7,"199",0.339842990100252,-0.116089654230037,"2","2",7,"7","South Victoria Land"
"226","20134",7,"196",-0.496395077860556,-0.336364619390095,"2","2",3,"3","South Victoria Land"
"227","20134",7,"199",0.337403083814642,-0.0828643408477651,"2","14",7,"","South Victoria Land"
"228","20160",7,"199",0.404096739807662,-0.0609530236390842,"2","2",7,"7","South Victoria Land"
"229","20169",8,"200",-0.264484934040858,0.00628628719089052,"3","10",3,"","South Victoria Land"
"230","20169",8,"199",0.373802298151518,-0.105463033014746,"2","2",7,"7","South Victoria Land"
"231","20199",7,"198",0.390947517800405,0.106833041530181,"3","3",7,"7","South Victoria Land"
"232","20263",7,"196",-0.380466747930112,0.0785855180551972,"1;2;5","5",NA,"4","South Victoria Land"
"233","20309",7,"198",0.421120066273179,0.216966013561998,"3","3",7,"7","South Victoria Land"
"234","20342",8,"198",0.308246515919296,0.179312543155167,"3","3",7,"7","South Victoria Land"
"235","20342",8,"199",0.346740198816162,0.0952906408683896,"2","2",7,"7","South Victoria Land"
"236","20342",8,"200",-0.223512588912781,0.0102804139354556,"3","3",3,"3","South Victoria Land"
"237","2035",3,"198",0.0632337218721601,-0.170879664061586,"1","1",5,"5","North-west Antarctic Peninsula"
"238","20379",7,"198",0.392428234888085,0.202533126371747,"3","3",7,"7","North Victoria Land"
"239","20379",7,"200",-0.347851124716509,0.0159993778535448,"3","3",3,"3","North Victoria Land"
"240","20379",7,"199",0.346509629518506,0.0388873848091289,"2","2",7,"7","North Victoria Land"
"241","20392",7,"198",0.436233435043206,0.155945752438617,"3","3",7,"7","North Victoria Land"
"242","20392",7,"199",0.399140059357335,0.00827060499453571,"2","2",7,"7","North Victoria Land"
"243","20392",7,"200",-0.485310284345282,0.0896674838024874,"3","3",3,"3","North Victoria Land"
"244","20393",7,"198",0.369554941673667,0.195505422676754,"3","3",7,"7","North Victoria Land"
"245","20393",7,"199",0.354256382786834,-0.00330270047892822,"2","2",7,"7","North Victoria Land"
"246","20395",7,"199",0.384920477035256,0.0749303958409098,"2","2",7,"7","North Victoria Land"
"247","20395",7,"198",0.468409647638941,0.182961909572612,"3","3",7,"7","North Victoria Land"
"248","20395",7,"200",-0.35484295013512,0.00174129413805912,"3","3",3,"3","North Victoria Land"
"249","20396",7,"198",0.233285635553397,0.107551688900118,"3","3",7,"7","North Victoria Land"
"250","20396",7,"199",0.354691271783075,-0.0497092839231559,"2","2",7,"7","North Victoria Land"
"251","20404",8,"198",0.368359658800539,0.272313550278262,"3","3",7,"7","North Victoria Land"
"252","20416",7,"198",0.443166162934817,0.171407188015611,"3","3",7,"7","North Victoria Land"
"253","20416",7,"200",-0.431840639215881,0.0165252227939391,"3","3",3,"3","North Victoria Land"
"254","20416",7,"199",0.298559987139126,0.0614022677471923,"2","2",7,"7","North Victoria Land"
"255","20419",8,"198",0.306229358012223,0.263935463799369,"3","3",7,"7","North Victoria Land"
"256","20419",8,"199",0.161027872265512,0.0864391864560501,"2","11",7,"","North Victoria Land"
"257","20432",7,"198",0.354770087145196,0.222027774216671,"3","3",7,"7","North Victoria Land"
"258","20433",7,"200",-0.328082517795136,-0.0301421007916502,"3","7",3,"1","North Victoria Land"
"259","20433",7,"198",0.22342791481663,-0.0765298180601287,"3","3",7,"7","North Victoria Land"
"260","20433",7,"199",-0.130716421251513,-0.132815713175909,"2","2",7,"7","North Victoria Land"
"261","20492",7,"200",-0.476672786370141,0.0311243019828327,"3","3",3,"3","North Victoria Land"
"262","20514",2,"200",-0.157720407239205,-0.0329841793034998,"12","12",NA,"","North Victoria Land"
"263","20525",7,"200",-0.143894831581991,-0.111507699224196,"3","7",3,"1","North Victoria Land"
"264","20525",7,"199",0.232717398769212,-0.248656855384725,"2","12",7,"3","North Victoria Land"
"265","20525",7,"198",0.278490981544704,-0.053252418565074,"3","14;16",7,"1;6","North Victoria Land"
"266","20541",7,"198",0.268767726282818,-0.0395781499711699,"3","3",7,"7","North Victoria Land"
"267","20623",7,"199",0.375380240493161,0.0765492957013602,"2","2",7,"7","North Victoria Land"
"268","20623",7,"198",0.348381805201003,0.0288766472032418,"3","3",7,"7","North Victoria Land"
"269","20626",7,"199",0.156944926541207,0.131973953059057,"2","2",7,"7","North Victoria Land"
"270","20654",7,"199",0.408544156871127,0.102036578386789,"2","2",7,"7","North Victoria Land"
"271","20654",7,"198",0.201445674487617,0.0642461900987019,"3","3",7,"7","North Victoria Land"
"272","20659",7,"198",0.423985341205714,0.115206419919404,"3","3",7,"7","North Victoria Land"
"273","20659",7,"199",0.41372774803245,0.0752517628154919,"2","2",7,"7","North Victoria Land"
"274","20825",7,"198",0.359931627186325,0.253519753300282,"3","3",7,"7","North Victoria Land"
"275","20906",7,"198",0.406691689593511,0.105179484972327,"3","3",7,"7","North Victoria Land"
"276","20906",7,"199",0.384520446463754,0.112305064003642,"2","2",7,"7","North Victoria Land"
"277","2092",3,"198",0.193889780107969,-0.0602076772015987,"1","1",5,"5","North-east Antarctic Peninsula"
"278","20975",8,"198",0.412498695322765,0.0814854018021704,"3","3",7,"7","North Victoria Land"
"279","20975",8,"199",0.431582730330791,0.0703603315221472,"2","2",7,"7","North Victoria Land"
"280","21022",8,"198",0.397843998674305,0.191129983839258,"3","3",7,"7","North Victoria Land"
"281","21033",8,"198",0.341440866426878,0.180386116063779,"3","3",7,"7","North Victoria Land"
"282","21072",8,"199",0.212490930540004,0.141297100440685,"2","2",7,"7","North Victoria Land"
"283","21245",7,"198",0.384585083223096,0.168067901556963,"3","3",7,"7","North Victoria Land"
"284","21245",7,"199",0.313734003557375,0.0102842296133716,"2","2",7,"7","North Victoria Land"
"285","2130",3,"196",0.176832960753969,-0.10299635849712,"1","12;13;16;26",5,"5;2","North-west Antarctic Peninsula"
"286","21332",7,"199",0.283907569439609,0.118735199947264,"2","2",7,"7","North Victoria Land"
"287","21462",7,"199",0.401965998088531,0.116722627150605,"2","2",7,"7","North Victoria Land"
"288","21462",7,"198",0.47201032235276,0.140040476742712,"3","3",7,"7","North Victoria Land"
"289","21462",7,"196",-0.285812495025219,0.0338868508690581,"4","4",NA,"","North Victoria Land"
"290","21475",8,"198",0.273060055120165,0.24673729264009,"3","3",7,"7","North Victoria Land"
"291","2153",3,"200",0.151125880321931,-0.311266382255936,"6","6",4,"4","North-west Antarctic Peninsula"
"292","2153",3,"196",0.408742491923004,-0.108280803099242,"1","11",5,"5","North-west Antarctic Peninsula"
"293","2154",3,"198",0.00861984927618083,0.0258516654088356,"1","16",5,"6","North-east Antarctic Peninsula"
"294","21615",7,"196",-0.334920188205014,-0.229824264913737,"2","15",3,"7","North Victoria Land"
"295","21615",7,"199",0.283184297525961,-0.205402904219899,"2","2",7,"7","North Victoria Land"
"296","21615",7,"198",0.01291100739907,0.11482915706474,"14","14",1,"1","North Victoria Land"
"297","21615",7,"200",0.193160693949439,0.261786345877728,"2","10",7,"","North Victoria Land"
"298","21705",7,"198",0.459004445213421,0.20171439999687,"3","3",7,"7","North Victoria Land"
"299","21705",7,"200",0.162423909340179,0.494252967578265,"2","2",7,"7","North Victoria Land"
"300","21705",7,"199",0.3415652865335,0.0575571447976641,"2","2",7,"7","North Victoria Land"
"301","21709",2,"200",-0.481015994560113,0.0156777493851066,"3","3",3,"3","North Victoria Land"
"302","2171",3,"199",0.0111806651261192,0.188711329519868,"1;2","2",NA,"7","North-east Antarctic Peninsula"
"303","21830",8,"196",-0.436429631202838,0.0212873927422276,"4","4",NA,"","North Victoria Land"
"304","21830",8,"200",0.255258909454508,0.516856841457265,"2","2",7,"7","North Victoria Land"
"305","21924",7,"196",-0.310829290396859,-0.00522960548855349,"2;4","4",3,"","North Victoria Land"
"306","21924",7,"200",0.182207167029553,0.316053608866224,"2","2",7,"7","North Victoria Land"
"307","21997",7,"200",0.264816837935082,0.48102587086847,"2","2",7,"7","North Victoria Land"
"308","21999",8,"196",-0.28636285686831,-0.152624486040383,"4","4",NA,"","North Victoria Land"
"309","22310",7,"196",-0.125898685209821,-0.133016956006282,"15","15",7,"7","North Victoria Land"
"310","2254",3,"196",0.226846900814716,0.134981651797806,"1","12;27",5,"","North-west Antarctic Peninsula"
"311","2270",3,"199",0.152162778805246,0.109762719309941,"2","2",7,"7","North-east Antarctic Peninsula"
"312","23079",2,"198",0.237233194279409,0.132214100755553,"3","3",7,"7","North Victoria Land"
"313","232",1,"198",-0.0992191668195534,-0.0991372849008215,"9","9",NA,"","Dronning Maud Land"
"314","234",6,"198",-0.0825019364601243,-0.104560142658592,"9","9",NA,"","Dronning Maud Land"
"315","23428",7,"200",-0.135933736615507,0.136504257128279,"3","14",3,"","North Victoria Land"
"316","23428",7,"196",-0.3802900478893,-0.141528786686,"4","4",NA,"","North Victoria Land"
"317","2372",3,"198",0.200248806729268,-0.0295732588860019,"1","1",5,"5","North-west Antarctic Peninsula"
"318","2400",3,"198",-0.223746279977271,-0.330946884371851,"2","9",4,"","North-west Antarctic Peninsula"
"319","2436",3,"198",0.110102735995641,-0.140625726546635,"1","9",5,"","North-east Antarctic Peninsula"
"320","24550",8,"198",0.259988022199112,-0.181376884726889,"3","9",7,"","North Victoria Land"
"321","2465",3,"198",0.1701274163458,-0.0408694751473816,"1;3","1;3",NA,"5;7","North-east Antarctic Peninsula"
"322","2514",3,"198",0.0113889525171491,-0.10657499228203,"1","9",5,"","North-east Antarctic Peninsula"
"323","2560",3,"196",0.288567480676662,-0.0744248066488794,"1","1",5,"5","North-west Antarctic Peninsula"
"324","2560",3,"199",-0.273156991902749,0.0568797890563981,"5;10","10",NA,"6","North-west Antarctic Peninsula"
"325","2560",3,"197",-0.363055339236924,-0.0349869725744251,"1","8",5,"1","North-west Antarctic Peninsula"
"326","2574",3,"201",-0.00547674992755707,0.108070495750144,NA,NA,NA,"","North-west Antarctic Peninsula"
"327","2574",3,"198",-0.27923357759888,-0.117327721381765,"2;7","7",NA,"1","North-west Antarctic Peninsula"
"328","2574",3,"200",0.180969436211206,-0.377812772100393,"1","6",5,"4","North-west Antarctic Peninsula"
"329","2575",3,"196",0.393098872559297,-0.0421526051521608,"1","17",5,"4","North-west Antarctic Peninsula"
"330","2579",3,"196",0.295551862841467,-0.107374665164088,"1","1",5,"5","North-west Antarctic Peninsula"
"331","2655",3,"198",-0.571014587554821,0.106220330843247,"2","2",4,"4","North-west Antarctic Peninsula"
"332","2655",3,"200",0.147464037614168,-0.477826296972806,"1","6",5,"4","North-west Antarctic Peninsula"
"333","2655",3,"196",0.530912793827002,-0.127092276342473,"1","6;14",5,"1","North-west Antarctic Peninsula"
"334","2655",3,"199",-0.405040712993112,0.352734008027569,"1","10",5,"6","North-west Antarctic Peninsula"
"335","2679",3,"198",-0.445549376731888,-0.186259336271777,"2","8;15;20",4,"6","North-west Antarctic Peninsula"
"336","2679",3,"200",0.428885641160452,-0.134981888464364,"1","11",5,"6","North-west Antarctic Peninsula"
"337","2679",3,"199",-0.429279988517176,0.17331299043012,"5","5",4,"4","North-west Antarctic Peninsula"
"338","2679",3,"196",-0.0525227144674966,0.430206795659087,"1","8;21",5,"4","North-west Antarctic Peninsula"
"339","2692",3,"199",-0.214193220344077,0.0952482693489366,"2;10","10",NA,"6","North-west Antarctic Peninsula"
"340","2692",3,"196",0.267660134324163,0.0183051933613101,"1","11;21",5,"5","North-west Antarctic Peninsula"
"341","2692",3,"198",-0.296254038194753,-0.0798594765378977,"2","8",4,"","North-west Antarctic Peninsula"
"342","2692",3,"200",0.229001265800492,-0.0863401988367452,"1","11",5,"6","North-west Antarctic Peninsula"
"343","2728",3,"196",0.288359542137671,-0.0395247709908544,"1","11",5,"5","North-west Antarctic Peninsula"
"344","280",6,"199",0.330448943924885,0.0697579438972498,"2","2",7,"7","Dronning Maud Land"
"345","3011",3,"196",0.315692054782685,-0.0661904610110801,"1","1",5,"5","North-west Antarctic Peninsula"
"346","3221",3,"200",0.300529729543769,-0.226609665558507,"1","1",5,"5","North-west Antarctic Peninsula"
"347","3247",3,"199",-0.336504513932996,-0.310915253532901,"6","6",1,"1","North-west Antarctic Peninsula"
"348","3247",3,"201",-0.356656736818538,-0.497122882349548,"1","1;2",1,"1","North-west Antarctic Peninsula"
"349","3261",3,"201",-0.429842107139549,-0.121190164806016,"1","1;2",1,"1","North-west Antarctic Peninsula"
"350","3261",3,"199",-0.49966399912098,0.159542278765929,"5","6",4,"1","North-west Antarctic Peninsula"
"351","3614",3,"198",-0.152093702164775,-0.451216093992753,"2","10",4,"2","North-west Antarctic Peninsula"
"352","3695",3,"198",-0.193107555401583,-0.233709540864138,"2","2",4,"4","North-west Antarctic Peninsula"
"353","3721",3,"198",-0.228007537416532,-0.426374944277718,"2","10",4,"2","North-west Antarctic Peninsula"
"354","3767",3,"198",0.00990597283309106,0.11391017248402,"2","2",4,"4","North-west Antarctic Peninsula"
"355","3767",3,"200",0.278128853878798,-0.206032462678439,"1","24",5,"6","North-west Antarctic Peninsula"
"356","3823",3,"198",-0.0452617781121918,-0.0389656391449447,"2","2",4,"4","North-west Antarctic Peninsula"
"357","3888",3,"198",-0.248202577542891,-0.349105476604344,"2","9",4,"","North-west Antarctic Peninsula"
"358","3919",3,"198",-0.194224199794359,-0.282885643456171,"2","2",4,"4","North-west Antarctic Peninsula"
"359","4002",3,"198",-0.0826200269320708,-0.175784022998963,"1;2","21",NA,"","North-west Antarctic Peninsula"
"360","4081",3,"201",-0.452854636414422,0.146726105607668,NA,NA,NA,"","North-west Antarctic Peninsula"
"361","4081",3,"200",-0.0363799469162041,-0.217994444898363,"7","7",1,"1","North-west Antarctic Peninsula"
"362","4102",3,"200",0.216374850288923,-0.208093131819425,"1","11",5,"6","North-west Antarctic Peninsula"
"363","4138",3,"200",0.31338376071326,-0.0654699102227084,"1","1",5,"5","North-west Antarctic Peninsula"
"364","4138",3,"199",-0.185640981029373,0.106101278724518,"1","17",5,"1","North-west Antarctic Peninsula"
"365","4148",3,"196",0.307905442507888,-0.0595411027229102,"1","4",5,"","North-west Antarctic Peninsula"
"366","4322",8,"199",0.265316966297999,0.0011272140262211,"2","2",7,"7","Enderby Land"
"367","4496",8,"197",0.519305273291029,-0.0135615652938558,"2","2",7,"7","Enderby Land"
"368","4570",3,"197",0.114496667210805,-0.294651913941171,"5","5",5,"5","North-west Antarctic Peninsula"
"369","4707",3,"198",-0.10574871032211,-0.236926293625732,"7","7",1,"1","North-west Antarctic Peninsula"
"370","4707",3,"200",0.16147458989635,-0.108305427638764,"1","9",5,"1","North-west Antarctic Peninsula"
"371","4707",3,"196",0.135326302592498,0.362097266540601,"1","5",5,"4","North-west Antarctic Peninsula"
"372","4904",3,"198",0.29849465908342,0.0962866809673775,"3","3",7,"7","North-west Antarctic Peninsula"
"373","4974",3,"198",0.219593944440679,0.10039595215631,"1;3","1;3",NA,"5;7","North-west Antarctic Peninsula"
"374","5020",8,"197",0.453842814460273,0.229674952663706,"2","2",7,"7","Prince Charles Mountains"
"375","5075",3,"196",-0.370011982412985,0.446982203807884,"5","5",4,"4","North-west Antarctic Peninsula"
"376","5075",3,"197",-0.360849115471365,0.109661485134748,"5","5",5,"5","North-west Antarctic Peninsula"
"377","5079",8,"198",0.304209348106044,-0.0315558271273234,"3","3",7,"7","Prince Charles Mountains"
"378","5158",8,"197",0.387708245276967,0.113658585011914,"2","2",7,"7","Prince Charles Mountains"
"379","5158",8,"200",-0.396251934131412,0.0259742082241731,"3","3",3,"3","Prince Charles Mountains"
"380","5316",3,"198",-0.48655097501215,0.145790413591327,"2","6;16",4,"6;8","North-west Antarctic Peninsula"
"381","5316",3,"196",0.317908498784888,-0.0648080138548465,"1","19",5,"","North-west Antarctic Peninsula"
"382","5316",3,"200",0.224342143364981,-0.109532620121356,"1","9",5,"1","North-west Antarctic Peninsula"
"383","5316",3,"199",-0.114810981475051,-0.00195257698312848,"3","3",5,"5","North-west Antarctic Peninsula"
"384","5325",3,"197",0.0364076728302983,-0.0736802608325116,"4","4",5,"5","North-west Antarctic Peninsula"
"385","5325",3,"198",0.302446770779215,0.144587167685791,"3","6",7,"8","North-west Antarctic Peninsula"
"386","5359",3,"196",-0.0150688347302428,-0.155959055394719,"1;18","18",5,"5","North-west Antarctic Peninsula"
"387","5375",3,"200",0.185638501121366,0.233243020840507,"2","2",7,"7","North-west Antarctic Peninsula"
"388","5456",8,"197",0.122170447141056,0.269766181898249,"2","2",7,"7","Prince Charles Mountains"
"389","5531",3,"200",0.235518600242144,0.134580698258402,"1","21",5,"4","North-west Antarctic Peninsula"
"390","5653",3,"200",0.299584828920874,0.129585240008896,"1","11",5,"6","North-west Antarctic Peninsula"
"391","5781",7,"197",0.434449759202702,0.170647563119983,"2","2",7,"7","Prince Charles Mountains"
"392","6011",8,"199",0.169763119066862,-0.0499206905585501,"2;13","13",7,"7","Prince Charles Mountains"
"393","6011",8,"198",0.0692314344310565,-0.271848501754465,"3","18",7,"7","Prince Charles Mountains"
"394","6011",8,"197",0.534825855770723,0.205829370643297,"2","2",7,"7","Prince Charles Mountains"
"395","6064",3,"197",-0.0797536695426071,0.115247876687264,"1","1",5,"5","North-west Antarctic Peninsula"
"396","6147",3,"197",-0.0859217320002052,-0.0248522531034625,"5","5",5,"5","North-west Antarctic Peninsula"
"397","6489",1,"200",0.0793942791218083,0.0562760334714183,"1","1",5,"5","Transantarctic Mountains"
"398","6592",1,"200",0.200594668867483,0.0806698562138262,"1","1",5,"5","Transantarctic Mountains"
"399","7015",8,"196",0.0801715850922603,-0.115924743400885,"1","15",5,"7","Central south Antarctic Peninsula"
"400","7015",8,"198",0.381184253710858,0.190454064801859,"3","3",7,"7","Central south Antarctic Peninsula"
"401","7031",8,"198",0.348107783467618,0.249576396182645,"3","3",7,"7","Central south Antarctic Peninsula"
"402","7062",3,"197",-0.0659166120676809,0.222041939667733,"1;5","5",5,"5","North-west Antarctic Peninsula"
"403","7111",8,"198",0.345068114696727,0.283905366905878,"3","3",7,"7","Central south Antarctic Peninsula"
"404","7455",8,"198",0.338769964692933,0.280587434817351,"3","3",7,"7","Central south Antarctic Peninsula"
"405","7492",8,"198",0.354342182327085,0.298740576549935,"3","3",7,"7","Central south Antarctic Peninsula"
"406","7692",8,"198",0.386298766450808,0.259320168148109,"3","3",7,"7","Central south Antarctic Peninsula"
"407","7838",8,"200",0.208895361897529,0.183459966818039,"1","1",5,"5","Central south Antarctic Peninsula"
"408","826",6,"196",-0.0755136315042843,-0.111294103058792,"1","1",5,"5","Dronning Maud Land"
"409","8357",8,"198",0.395712216528211,0.290766808669778,"3","3",7,"7","Central south Antarctic Peninsula"
"410","8371",8,"198",0.352723442385843,0.266379796165309,"3","3",7,"7","Central south Antarctic Peninsula"
"411","846",4,"199",-0.0432071210046815,-0.165189438240557,"4","4",3,"3","Dronning Maud Land"
"412","846",4,"200",0.194143300072701,0.406312138216647,"2","2",7,"7","Dronning Maud Land"
"413","8574",8,"199",-0.208684261552285,-0.103625378484995,"13","13",7,"7","Prince Charles Mountains"
"414","8574",8,"197",0.402569781661204,0.383966246945569,"2","2",7,"7","Prince Charles Mountains"
"415","8574",8,"198",0.160058170038742,0.0562980167072845,"3","5;14",7,"1","Prince Charles Mountains"
"416","8605",3,"199",0.183909909229357,0.182306172236937,"2","7",7,"5","North-west Antarctic Peninsula"
"417","8605",3,"196",0.341109667341662,0.0417655559897053,"1","9",5,"3","North-west Antarctic Peninsula"
"418","8826",8,"198",0.0227761733869548,0.00270213577172427,"5","5;14",1,"1","Prince Charles Mountains"
"419","8826",8,"197",0.481693594306579,0.108666279040389,"2","2",7,"7","Prince Charles Mountains"
"420","8826",8,"200",-0.121656818780396,-0.0675252425968073,"2","2",7,"7","Prince Charles Mountains"
"421","9083",8,"198",0.269660460545421,0.203750507447814,"3","3",7,"7","Central south Antarctic Peninsula"
"422","910",8,"200",0.223607708844887,0.504460207170091,"2","2",7,"7","Dronning Maud Land"
"423","9358",3,"200",0.39948643958126,-0.123180035146644,"1","1",5,"5","North-west Antarctic Peninsula"
"424","9474",3,"196",0.0501340960006286,-0.0012863763665435,"1","15",5,"7","North-west Antarctic Peninsula"
"425","9474",3,"198",-0.507640857677371,0.327006301946335,"2","2",4,"4","North-west Antarctic Peninsula"
"426","9474",3,"197",0.251083226244183,0.125337064204981,"5","11",5,"","North-west Antarctic Peninsula"
"427","9474",3,"200",0.334980068497082,-0.194336463229789,"1","24",5,"6","North-west Antarctic Peninsula"
"428","9497",4,"198",0.29743833614397,0.257328889663417,"3","3",7,"7","Central south Antarctic Peninsula"
"429","952",8,"200",-0.205053868501376,-0.0191958649212378,"3","17",3,"9","Enderby Land"
"430","953",1,"199",-0.138989872521397,-0.0699528630321173,"4","4",3,"3","Dronning Maud Land"
"431","9584",3,"200",0.412360739212072,0.00575130350367764,"1","1",5,"5","North-west Antarctic Peninsula"
"432","9584",3,"198",-0.513263837813668,0.380034144770348,"2","2",4,"4","North-west Antarctic Peninsula"
"433","9617",3,"200",0.27603024990537,-0.208307858134095,"1","1",5,"5","Central south Antarctic Peninsula"
"434","9617",3,"198",-0.496423639386661,0.373911684972515,"2","2",4,"4","Central south Antarctic Peninsula"
"435","9637",4,"198",0.304488872251705,0.148446914742882,"3","3",7,"7","Central south Antarctic Peninsula"
"436","9676",3,"199",-0.0981226222566349,0.220999561644044,"2","2",7,"7","North-west Antarctic Peninsula"
"437","9676",3,"196",0.0110351447033893,0.141751046894015,"9","9",3,"3","North-west Antarctic Peninsula"
"438","9676",3,"200",0.391629937501757,-0.166975618350246,"1","21",5,"4","North-west Antarctic Peninsula"
"439","9948",3,"196",0.289059874878246,-0.154279842977823,"1","1",5,"5","North-west Antarctic Peninsula"
"440","995",1,"199",-0.198627452267207,-0.125086702833228,"4","4",3,"3","Dronning Maud Land"
"441","9966",3,"198",-0.49784509192517,0.36884383707906,"2","2",4,"4","North-west Antarctic Peninsula"
